<?xml version="1.0" encoding="utf-8"?>
<!--/238891/962533/2.50/4/4/Connector/-->
<quadcept_library>
  <setting unit="mil" />
  <textstyle name="Default" height="47.244094488189" strokewidth="7.8740157480315" charwidth="47.244094488189" />
  <textstyle name="Dimension" height="19.6850393700787" strokewidth="0" charwidth="19.6850393700787" />
  <textstyle name="H127W0635TH00762" height="50" strokewidth="3" charwidth="25" />
  <textstyle name="H15W15TH02" height="59.0551181102362" strokewidth="7.8740157480315" charwidth="59.0551181102362" />
  <padstyle name="c165_h110" surface="False" plated="True" isvia="False" nopaste="True" nomask="True" complex="False" holesize="43.307086614173">
    <padshape layer="TOP" shape="round" width="64.960629921259" height="64.960629921259" />
    <padshape layer="TOP_SOLDER_MASK" shape="round" width="72.83464566929" height="72.83464566929" />
    <padshape layer="INNER" shape="round" width="64.960629921259" height="64.960629921259" />
    <padshape layer="BOTTOM" shape="RT" width="62.992125984251" height="64.960629921259" />
    <padshape layer="BOTTOM_SOLDER_MASK" shape="RT" width="70.866141732283" height="72.83464566929" />
  </padstyle>
  <padstyle name="s165_h110" surface="False" plated="True" isvia="False" nopaste="True" nomask="True" complex="False" holesize="43.307086614173">
    <padshape layer="TOP" shape="square" width="64.960629921259" height="64.960629921259" />
    <padshape layer="TOP_SOLDER_MASK" shape="square" width="72.83464566929" height="72.83464566929" />
    <padshape layer="INNER" shape="round" width="64.960629921259" height="64.960629921259" />
    <padshape layer="BOTTOM" shape="RT" width="62.992125984251" height="64.960629921259" />
    <padshape layer="BOTTOM_SOLDER_MASK" shape="RT" width="70.866141732283" height="72.83464566929" />
  </padstyle>
  <footprint name="SHDRV4W111P0_250_1X4_1250X380X600P" originx="0" originy="0" pickpointx="0" pickpointy="0">
    <pcbpin number="1" name="1" style="s165_h110" originx="0" originy="0" rotation="90" />
    <pcbpin number="2" name="2" style="c165_h110" originx="98.425196850392" originy="0" rotation="90" />
    <pcbpin number="3" name="3" style="c165_h110" originx="196.85039370078" originy="0" rotation="90" />
    <pcbpin number="4" name="4" style="c165_h110" originx="295.27559055118" originy="0" rotation="90" />
    <line layer="TOP_PLACE_BOUND" originx="-98.425196850392" originy="-86.614173228345" endx="393.70078740157" endy="-86.614173228345" width="0.039370078740157" />
    <line layer="TOP_PLACE_BOUND" originx="393.70078740157" originy="-86.614173228345" endx="393.70078740157" endy="62.992125984251" width="0.039370078740157" />
    <line layer="TOP_PLACE_BOUND" originx="393.70078740157" originy="62.992125984251" endx="-98.425196850392" endy="62.992125984251" width="0.039370078740157" />
    <line layer="TOP_PLACE_BOUND" originx="-98.425196850392" originy="62.992125984251" endx="-98.425196850392" endy="-86.614173228345" width="0.039370078740157" />
    <line layer="TOP_ASSEMBLY" originx="-98.425196850392" originy="-86.614173228345" endx="393.70078740157" endy="-86.614173228345" width="3.9370078740157" />
    <line layer="TOP_ASSEMBLY" originx="393.70078740157" originy="-86.614173228345" endx="393.70078740157" endy="62.992125984251" width="3.9370078740157" />
    <line layer="TOP_ASSEMBLY" originx="393.70078740157" originy="62.992125984251" endx="-98.425196850392" endy="62.992125984251" width="3.9370078740157" />
    <line layer="TOP_ASSEMBLY" originx="-98.425196850392" originy="62.992125984251" endx="-98.425196850392" endy="-86.614173228345" width="3.9370078740157" />
    <line layer="TOP_ASSEMBLY" originx="-32.48031496063" originy="-32.48031496063" endx="-32.48031496063" endy="32.48031496063" width="3.9370078740157" />
    <line layer="TOP_ASSEMBLY" originx="-32.48031496063" originy="32.48031496063" endx="32.48031496063" endy="32.48031496063" width="3.9370078740157" />
    <line layer="TOP_ASSEMBLY" originx="32.48031496063" originy="32.48031496063" endx="32.48031496063" endy="-32.48031496063" width="3.9370078740157" />
    <line layer="TOP_ASSEMBLY" originx="32.48031496063" originy="-32.48031496063" endx="-32.48031496063" endy="-32.48031496063" width="3.9370078740157" />
    <arc layer="TOP_ASSEMBLY" originx="98.425196850392" originy="0" startangle="180" sweepangle="180" radius="32.48031496063" width="3.9370078740157" />
    <arc layer="TOP_ASSEMBLY" originx="98.425196850392" originy="0" startangle="180" sweepangle="-180" radius="32.48031496063" width="3.9370078740157" />
    <arc layer="TOP_ASSEMBLY" originx="196.85039370078" originy="0" startangle="180" sweepangle="180" radius="32.48031496063" width="3.9370078740157" />
    <arc layer="TOP_ASSEMBLY" originx="196.85039370078" originy="0" startangle="180" sweepangle="-180" radius="32.48031496063" width="3.9370078740157" />
    <arc layer="TOP_ASSEMBLY" originx="295.27559055118" originy="0" startangle="180" sweepangle="180" radius="32.48031496063" width="3.9370078740157" />
    <arc layer="TOP_ASSEMBLY" originx="295.27559055118" originy="0" startangle="180" sweepangle="-180" radius="32.48031496063" width="3.9370078740157" />
    <line layer="TOP_ASSEMBLY" originx="-82.67716535433" originy="-70.866141732283" endx="377.95275590551" endy="-70.866141732283" width="3.9370078740157" />
    <line layer="TOP_ASSEMBLY" originx="377.95275590551" originy="-70.866141732283" endx="377.95275590551" endy="47.244094488188" width="3.9370078740157" />
    <line layer="TOP_ASSEMBLY" originx="377.95275590551" originy="47.244094488188" endx="-82.67716535433" endy="47.244094488188" width="3.9370078740157" />
    <line layer="TOP_ASSEMBLY" originx="-82.67716535433" originy="47.244094488188" endx="-82.67716535433" endy="-70.866141732283" width="3.9370078740157" />
    <line layer="TOP_SILKSCREEN" originx="-98.425196850392" originy="62.992125984251" endx="393.70078740157" endy="62.992125984251" width="7.8740157480314" />
    <line layer="TOP_SILKSCREEN" originx="-98.425196850392" originy="-86.614173228345" endx="393.70078740157" endy="-86.614173228345" width="7.8740157480314" />
    <line layer="TOP_SILKSCREEN" originx="-98.425196850392" originy="-86.614173228345" endx="-98.425196850392" endy="62.992125984251" width="7.8740157480314" />
    <line layer="TOP_SILKSCREEN" originx="393.70078740157" originy="-86.614173228345" endx="393.70078740157" endy="62.992125984251" width="7.8740157480314" />
    <arc layer="TOP_SILKSCREEN" originx="-4.9212598425196" originy="85.629921259841" startangle="180" sweepangle="180" radius="0" width="9.8425196850392" />
    <arc layer="TOP_SILKSCREEN" originx="-4.9212598425196" originy="85.629921259841" startangle="180" sweepangle="-180" radius="0" width="9.8425196850392" />
    <line layer="TOP_PLACE_BOUND" originx="-108.26771653543" originy="-96.456692913385" endx="403.54330708661" endy="-96.456692913385" width="1.9685039370079" />
    <line layer="TOP_PLACE_BOUND" originx="403.54330708661" originy="-96.456692913385" endx="403.54330708661" endy="72.83464566929" width="1.9685039370079" />
    <line layer="TOP_PLACE_BOUND" originx="403.54330708661" originy="72.83464566929" endx="-108.26771653543" endy="72.83464566929" width="1.9685039370079" />
    <line layer="TOP_PLACE_BOUND" originx="-108.26771653543" originy="72.83464566929" endx="-108.26771653543" endy="-96.456692913385" width="1.9685039370079" />
    <arc layer="TOP_PLACE_BOUND" originx="-13.779527559055" originy="0" startangle="180" sweepangle="180" radius="0" width="1.9685039370079" />
    <arc layer="TOP_PLACE_BOUND" originx="-13.779527559055" originy="0" startangle="180" sweepangle="-180" radius="0" width="1.9685039370079" />
    <line layer="TOP_PLACE_BOUND" originx="0" originy="-19.685039370078" endx="0" endy="19.685039370078" width="1.9685039370079" />
    <line layer="TOP_PLACE_BOUND" originx="-19.685039370078" originy="0" endx="19.685039370078" endy="0" width="1.9685039370079" />
  </footprint>
  <symbol name="B4B-EH-A_LF__SN_" originx="0" originy="0">
    <line originx="200" originy="100" endx="600" endy="100" width="0" />
    <line originx="600" originy="-400" endx="600" endy="100" width="0" />
    <line originx="600" originy="-400" endx="200" endy="-400" width="0" />
    <line originx="200" originy="100" endx="200" endy="-400" width="0" />
    <sympin number="1" originx="200" originy="0" rotation="180" length="100" width="7.8740157480315" flipped="False">
      <text name="pinname" originx="230" originy="0" style="Default" rotation="0" justify="left" flipped="False" hidden="False" data="1" />
      <text name="pindes" originx="140" originy="20" style="Default" rotation="0" justify="lowerright" flipped="False" hidden="False" data="1" />
    </sympin>
    <sympin number="2" originx="200" originy="-100" rotation="180" length="100" width="7.8740157480315" flipped="False">
      <text name="pinname" originx="230" originy="-100" style="Default" rotation="0" justify="left" flipped="False" hidden="False" data="2" />
      <text name="pindes" originx="140" originy="-80" style="Default" rotation="0" justify="lowerright" flipped="False" hidden="False" data="2" />
    </sympin>
    <sympin number="3" originx="200" originy="-200" rotation="180" length="100" width="7.8740157480315" flipped="False">
      <text name="pinname" originx="230" originy="-200" style="Default" rotation="0" justify="left" flipped="False" hidden="False" data="3" />
      <text name="pindes" originx="140" originy="-180" style="Default" rotation="0" justify="lowerright" flipped="False" hidden="False" data="3" />
    </sympin>
    <sympin number="4" originx="200" originy="-300" rotation="180" length="100" width="7.8740157480315" flipped="False">
      <text name="pinname" originx="230" originy="-300" style="Default" rotation="0" justify="left" flipped="False" hidden="False" data="4" />
      <text name="pindes" originx="140" originy="-280" style="Default" rotation="0" justify="lowerright" flipped="False" hidden="False" data="4" />
    </sympin>
  </symbol>
  <component name="B4B-EH-A_LF__SN_" designatorprefix="J" height="236.22047244094" footprint="SHDRV4W111P0_250_1X4_1250X380X600P">
    <comppin designator="1" sympin="1" pinswap="0" gateswap="0" gate="1" group="1" side="" type="Any" name="1" />
    <comppin designator="2" sympin="2" pinswap="0" gateswap="0" gate="1" group="1" side="" type="Any" name="2" />
    <comppin designator="3" sympin="3" pinswap="0" gateswap="0" gate="1" group="1" side="" type="Any" name="3" />
    <comppin designator="4" sympin="4" pinswap="0" gateswap="0" gate="1" group="1" side="" type="Any" name="4" />
    <attached_symbol gate="1" name="B4B-EH-A_LF__SN_" />
    <pinmap designator="1" footprintpin="1" />
    <pinmap designator="2" footprintpin="2" />
    <pinmap designator="3" footprintpin="3" />
    <pinmap designator="4" footprintpin="4" />
    <text name="Datasheet" originx="0" originy="0" style="Default" rotation="0" justify="" flipped="False" hidden="True" data="https://datasheet.datasheetarchive.com/originals/distributors/Datasheets_SAMA/4db6e353008cd822f9644e9913ed09f5.pdf" />
    <text name="Description" originx="0" originy="0" style="Default" rotation="0" justify="" flipped="False" hidden="True" data="JST (JAPAN SOLDERLESS TERMINALS) - B4B-EH-A(LF)(SN) - CONNECTOR, HEADER, THT, 2.5MM, 4WAY" />
    <text name="Manufacturer_Name" originx="0" originy="0" style="Default" rotation="0" justify="" flipped="False" hidden="True" data="JST (JAPAN SOLDERLESS TERMINALS)" />
    <text name="Manufacturer_Part_Number" originx="650" originy="200" style="Default" rotation="0" justify="left" flipped="False" hidden="False" data="B4B-EH-A(LF)(SN)" />
    <text name="Mouser Part Number" originx="0" originy="0" style="Default" rotation="0" justify="" flipped="False" hidden="True" data="306-B4BEHALFSN" />
    <text name="Mouser Price/Stock" originx="0" originy="0" style="Default" rotation="0" justify="" flipped="False" hidden="True" data="https://www.mouser.co.uk/ProductDetail/JST-Commercial/B4B-EH-ALFSN?qs=cdbOS8ANM9DAINrtzhP3dA%3D%3D" />
    <text name="Arrow Part Number" originx="0" originy="0" style="Default" rotation="0" justify="" flipped="False" hidden="True" data="B4B-EH-A(LF)(SN)" />
    <text name="Arrow Price/Stock" originx="0" originy="0" style="Default" rotation="0" justify="" flipped="False" hidden="True" data="https://www.arrow.com/en/products/b4b-eh-a-lf-sn/jst-manufacturing?region=europe" />
  </component>
</quadcept_library>
