<?xml version="1.0" encoding="utf-8"?>
<!--/1649639/962533/2.50/14/2/Integrated Circuit/-->
<quadcept_library>
  <setting unit="mil" />
  <textstyle name="Default" height="47.244094488189" strokewidth="7.8740157480315" charwidth="47.244094488189" />
  <textstyle name="Dimension" height="19.6850393700787" strokewidth="0" charwidth="19.6850393700787" />
  <textstyle name="H127W0635TH00762" height="50" strokewidth="3" charwidth="25" />
  <textstyle name="H15W15TH02" height="59.0551181102362" strokewidth="7.8740157480315" charwidth="59.0551181102362" />
  <padstyle name="r147.5_45" surface="True" plated="False" isvia="False" nopaste="False" nomask="True" complex="False" holesize="0">
    <padshape layer="TOP" shape="rectangle" width="17.716535433071" height="58.070866141732" />
    <padshape layer="TOP_SOLDER_MASK" shape="rectangle" width="25.590551181102" height="65.944881889763" />
    <padshape layer="TOP_SOLDER_PASTE" shape="rectangle" width="17.716535433071" height="58.070866141732" />
  </padstyle>
  <footprint name="SOP65P640X110-14N" originx="0" originy="0" pickpointx="0" pickpointy="0">
    <pcbpin number="1" name="1" style="r147.5_45" originx="-115.66929133858" originy="76.771653543306" rotation="90" />
    <pcbpin number="2" name="2" style="r147.5_45" originx="-115.66929133858" originy="51.181102362204" rotation="90" />
    <pcbpin number="3" name="3" style="r147.5_45" originx="-115.66929133858" originy="25.590551181102" rotation="90" />
    <pcbpin number="4" name="4" style="r147.5_45" originx="-115.66929133858" originy="0" rotation="90" />
    <pcbpin number="5" name="5" style="r147.5_45" originx="-115.66929133858" originy="-25.590551181102" rotation="90" />
    <pcbpin number="6" name="6" style="r147.5_45" originx="-115.66929133858" originy="-51.181102362204" rotation="90" />
    <pcbpin number="7" name="7" style="r147.5_45" originx="-115.66929133858" originy="-76.771653543306" rotation="90" />
    <pcbpin number="8" name="8" style="r147.5_45" originx="115.66929133858" originy="-76.771653543306" rotation="90" />
    <pcbpin number="9" name="9" style="r147.5_45" originx="115.66929133858" originy="-51.181102362204" rotation="90" />
    <pcbpin number="10" name="10" style="r147.5_45" originx="115.66929133858" originy="-25.590551181102" rotation="90" />
    <pcbpin number="11" name="11" style="r147.5_45" originx="115.66929133858" originy="0" rotation="90" />
    <pcbpin number="12" name="12" style="r147.5_45" originx="115.66929133858" originy="25.590551181102" rotation="90" />
    <pcbpin number="13" name="13" style="r147.5_45" originx="115.66929133858" originy="51.181102362204" rotation="90" />
    <pcbpin number="14" name="14" style="r147.5_45" originx="115.66929133858" originy="76.771653543306" rotation="90" />
    <line layer="TOP_PLACE_BOUND" originx="-154.52755905512" originy="110.23622047244" endx="154.52755905512" endy="110.23622047244" width="1.9685039370079" />
    <line layer="TOP_PLACE_BOUND" originx="154.52755905512" originy="110.23622047244" endx="154.52755905512" endy="-110.23622047244" width="1.9685039370079" />
    <line layer="TOP_PLACE_BOUND" originx="154.52755905512" originy="-110.23622047244" endx="-154.52755905512" endy="-110.23622047244" width="1.9685039370079" />
    <line layer="TOP_PLACE_BOUND" originx="-154.52755905512" originy="-110.23622047244" endx="-154.52755905512" endy="110.23622047244" width="1.9685039370079" />
    <line layer="TOP_ASSEMBLY" originx="-86.614173228345" originy="98.425196850392" endx="86.614173228345" endy="98.425196850392" width="3.9370078740157" />
    <line layer="TOP_ASSEMBLY" originx="86.614173228345" originy="98.425196850392" endx="86.614173228345" endy="-98.425196850392" width="3.9370078740157" />
    <line layer="TOP_ASSEMBLY" originx="86.614173228345" originy="-98.425196850392" endx="-86.614173228345" endy="-98.425196850392" width="3.9370078740157" />
    <line layer="TOP_ASSEMBLY" originx="-86.614173228345" originy="-98.425196850392" endx="-86.614173228345" endy="98.425196850392" width="3.9370078740157" />
    <line layer="TOP_ASSEMBLY" originx="-86.614173228345" originy="72.83464566929" endx="-61.023622047243" endy="98.425196850392" width="3.9370078740157" />
    <line layer="TOP_SILKSCREEN" originx="-72.83464566929" originy="98.425196850392" endx="72.83464566929" endy="98.425196850392" width="7.8740157480314" />
    <line layer="TOP_SILKSCREEN" originx="72.83464566929" originy="98.425196850392" endx="72.83464566929" endy="-98.425196850392" width="7.8740157480314" />
    <line layer="TOP_SILKSCREEN" originx="72.83464566929" originy="-98.425196850392" endx="-72.83464566929" endy="-98.425196850392" width="7.8740157480314" />
    <line layer="TOP_SILKSCREEN" originx="-72.83464566929" originy="-98.425196850392" endx="-72.83464566929" endy="98.425196850392" width="7.8740157480314" />
    <line layer="TOP_SILKSCREEN" originx="-144.68503937008" originy="99.409448818896" endx="-86.614173228345" endy="99.409448818896" width="7.8740157480314" />
  </footprint>
  <symbol name="74HCT11PW,118" originx="0" originy="0">
    <line originx="200" originy="100" endx="800" endy="100" width="0" />
    <line originx="800" originy="-700" endx="800" endy="100" width="0" />
    <line originx="800" originy="-700" endx="200" endy="-700" width="0" />
    <line originx="200" originy="100" endx="200" endy="-700" width="0" />
    <sympin number="1" originx="200" originy="0" rotation="180" length="100" width="7.8740157480315" flipped="False">
      <text name="pinname" originx="230" originy="0" style="Default" rotation="0" justify="left" flipped="False" hidden="False" data="1A" />
      <text name="pindes" originx="140" originy="20" style="Default" rotation="0" justify="lowerright" flipped="False" hidden="False" data="1" />
    </sympin>
    <sympin number="2" originx="200" originy="-100" rotation="180" length="100" width="7.8740157480315" flipped="False">
      <text name="pinname" originx="230" originy="-100" style="Default" rotation="0" justify="left" flipped="False" hidden="False" data="1B" />
      <text name="pindes" originx="140" originy="-80" style="Default" rotation="0" justify="lowerright" flipped="False" hidden="False" data="2" />
    </sympin>
    <sympin number="3" originx="200" originy="-200" rotation="180" length="100" width="7.8740157480315" flipped="False">
      <text name="pinname" originx="230" originy="-200" style="Default" rotation="0" justify="left" flipped="False" hidden="False" data="2A" />
      <text name="pindes" originx="140" originy="-180" style="Default" rotation="0" justify="lowerright" flipped="False" hidden="False" data="3" />
    </sympin>
    <sympin number="4" originx="200" originy="-300" rotation="180" length="100" width="7.8740157480315" flipped="False">
      <text name="pinname" originx="230" originy="-300" style="Default" rotation="0" justify="left" flipped="False" hidden="False" data="2B" />
      <text name="pindes" originx="140" originy="-280" style="Default" rotation="0" justify="lowerright" flipped="False" hidden="False" data="4" />
    </sympin>
    <sympin number="5" originx="200" originy="-400" rotation="180" length="100" width="7.8740157480315" flipped="False">
      <text name="pinname" originx="230" originy="-400" style="Default" rotation="0" justify="left" flipped="False" hidden="False" data="2C" />
      <text name="pindes" originx="140" originy="-380" style="Default" rotation="0" justify="lowerright" flipped="False" hidden="False" data="5" />
    </sympin>
    <sympin number="6" originx="200" originy="-500" rotation="180" length="100" width="7.8740157480315" flipped="False">
      <text name="pinname" originx="230" originy="-500" style="Default" rotation="0" justify="left" flipped="False" hidden="False" data="2Y" />
      <text name="pindes" originx="140" originy="-480" style="Default" rotation="0" justify="lowerright" flipped="False" hidden="False" data="6" />
    </sympin>
    <sympin number="7" originx="200" originy="-600" rotation="180" length="100" width="7.8740157480315" flipped="False">
      <text name="pinname" originx="230" originy="-600" style="Default" rotation="0" justify="left" flipped="False" hidden="False" data="GND" />
      <text name="pindes" originx="140" originy="-580" style="Default" rotation="0" justify="lowerright" flipped="False" hidden="False" data="7" />
    </sympin>
    <sympin number="14" originx="800" originy="0" rotation="0" length="100" width="7.8740157480315" flipped="False">
      <text name="pinname" originx="770" originy="0" style="Default" rotation="0" justify="right" flipped="False" hidden="False" data="VCC" />
      <text name="pindes" originx="860" originy="20" style="Default" rotation="0" justify="lowerleft" flipped="False" hidden="False" data="14" />
    </sympin>
    <sympin number="13" originx="800" originy="-100" rotation="0" length="100" width="7.8740157480315" flipped="False">
      <text name="pinname" originx="770" originy="-100" style="Default" rotation="0" justify="right" flipped="False" hidden="False" data="1C" />
      <text name="pindes" originx="860" originy="-80" style="Default" rotation="0" justify="lowerleft" flipped="False" hidden="False" data="13" />
    </sympin>
    <sympin number="12" originx="800" originy="-200" rotation="0" length="100" width="7.8740157480315" flipped="False">
      <text name="pinname" originx="770" originy="-200" style="Default" rotation="0" justify="right" flipped="False" hidden="False" data="1Y" />
      <text name="pindes" originx="860" originy="-180" style="Default" rotation="0" justify="lowerleft" flipped="False" hidden="False" data="12" />
    </sympin>
    <sympin number="11" originx="800" originy="-300" rotation="0" length="100" width="7.8740157480315" flipped="False">
      <text name="pinname" originx="770" originy="-300" style="Default" rotation="0" justify="right" flipped="False" hidden="False" data="3C" />
      <text name="pindes" originx="860" originy="-280" style="Default" rotation="0" justify="lowerleft" flipped="False" hidden="False" data="11" />
    </sympin>
    <sympin number="10" originx="800" originy="-400" rotation="0" length="100" width="7.8740157480315" flipped="False">
      <text name="pinname" originx="770" originy="-400" style="Default" rotation="0" justify="right" flipped="False" hidden="False" data="3B" />
      <text name="pindes" originx="860" originy="-380" style="Default" rotation="0" justify="lowerleft" flipped="False" hidden="False" data="10" />
    </sympin>
    <sympin number="9" originx="800" originy="-500" rotation="0" length="100" width="7.8740157480315" flipped="False">
      <text name="pinname" originx="770" originy="-500" style="Default" rotation="0" justify="right" flipped="False" hidden="False" data="3A" />
      <text name="pindes" originx="860" originy="-480" style="Default" rotation="0" justify="lowerleft" flipped="False" hidden="False" data="9" />
    </sympin>
    <sympin number="8" originx="800" originy="-600" rotation="0" length="100" width="7.8740157480315" flipped="False">
      <text name="pinname" originx="770" originy="-600" style="Default" rotation="0" justify="right" flipped="False" hidden="False" data="3Y" />
      <text name="pindes" originx="860" originy="-580" style="Default" rotation="0" justify="lowerleft" flipped="False" hidden="False" data="8" />
    </sympin>
  </symbol>
  <component name="74HCT11PW,118" designatorprefix="IC" height="43.307086614173" footprint="SOP65P640X110-14N">
    <comppin designator="1" sympin="1" pinswap="0" gateswap="0" gate="1" group="1" side="" type="Any" name="1A" />
    <comppin designator="2" sympin="2" pinswap="0" gateswap="0" gate="1" group="1" side="" type="Any" name="1B" />
    <comppin designator="3" sympin="3" pinswap="0" gateswap="0" gate="1" group="1" side="" type="Any" name="2A" />
    <comppin designator="4" sympin="4" pinswap="0" gateswap="0" gate="1" group="1" side="" type="Any" name="2B" />
    <comppin designator="5" sympin="5" pinswap="0" gateswap="0" gate="1" group="1" side="" type="Any" name="2C" />
    <comppin designator="6" sympin="6" pinswap="0" gateswap="0" gate="1" group="1" side="" type="Any" name="2Y" />
    <comppin designator="7" sympin="7" pinswap="0" gateswap="0" gate="1" group="1" side="" type="Any" name="GND" />
    <comppin designator="8" sympin="8" pinswap="0" gateswap="0" gate="1" group="1" side="" type="Any" name="3Y" />
    <comppin designator="9" sympin="9" pinswap="0" gateswap="0" gate="1" group="1" side="" type="Any" name="3A" />
    <comppin designator="10" sympin="10" pinswap="0" gateswap="0" gate="1" group="1" side="" type="Any" name="3B" />
    <comppin designator="11" sympin="11" pinswap="0" gateswap="0" gate="1" group="1" side="" type="Any" name="3C" />
    <comppin designator="12" sympin="12" pinswap="0" gateswap="0" gate="1" group="1" side="" type="Any" name="1Y" />
    <comppin designator="13" sympin="13" pinswap="0" gateswap="0" gate="1" group="1" side="" type="Any" name="1C" />
    <comppin designator="14" sympin="14" pinswap="0" gateswap="0" gate="1" group="1" side="" type="Any" name="VCC" />
    <attached_symbol gate="1" name="74HCT11PW,118" />
    <pinmap designator="1" footprintpin="1" />
    <pinmap designator="2" footprintpin="2" />
    <pinmap designator="3" footprintpin="3" />
    <pinmap designator="4" footprintpin="4" />
    <pinmap designator="5" footprintpin="5" />
    <pinmap designator="6" footprintpin="6" />
    <pinmap designator="7" footprintpin="7" />
    <pinmap designator="8" footprintpin="8" />
    <pinmap designator="9" footprintpin="9" />
    <pinmap designator="10" footprintpin="10" />
    <pinmap designator="11" footprintpin="11" />
    <pinmap designator="12" footprintpin="12" />
    <pinmap designator="13" footprintpin="13" />
    <pinmap designator="14" footprintpin="14" />
    <text name="Datasheet" originx="0" originy="0" style="Default" rotation="0" justify="" flipped="False" hidden="True" data="https://assets.nexperia.com/documents/data-sheet/74HC_HCT11.pdf" />
    <text name="Description" originx="0" originy="0" style="Default" rotation="0" justify="" flipped="False" hidden="True" data="74HC(T)11 - Triple 3-input AND gate@en-us" />
    <text name="Mouser Part Number" originx="0" originy="0" style="Default" rotation="0" justify="" flipped="False" hidden="True" data="" />
    <text name="Mouser Price/Stock" originx="0" originy="0" style="Default" rotation="0" justify="" flipped="False" hidden="True" data="" />
    <text name="Manufacturer_Name" originx="0" originy="0" style="Default" rotation="0" justify="" flipped="False" hidden="True" data="Nexperia" />
    <text name="Manufacturer_Part_Number" originx="850" originy="200" style="Default" rotation="0" justify="left" flipped="False" hidden="False" data="74HCT11PW,118" />
  </component>
</quadcept_library>
